mes,receita_total,quantidade,n_vendas
1,247439.30000000002,2007,1043
2,255679.7,2003,1001
3,277848.8,2112,1076
4,278777.3,2127,1079
5,279847.5,2125,1087
6,252731.90000000002,1981,1008
7,267029.2,2008,1027
8,264365.9,2041,1055
9,258802.7,1973,1002
10,263638.10000000003,2019,1036
11,266033.0,2070,1062
12,273751.10000000003,2089,1080
